time_s,Uz_m_per_s
2.000000000000000042e-03,5.406948999999999783e-02
4.000000000000000083e-03,7.877531000000000116e-02
6.000000000000000125e-03,8.569448999999999816e-02
8.000000000000000167e-03,1.185300999999999993e-01
1.000000000000000021e-02,1.370811000000000113e-01
1.200000000000000025e-02,1.359383000000000119e-01
1.400000000000000029e-02,1.591648999999999980e-01
1.600000000000000033e-02,1.801301999999999903e-01
1.799999999999999864e-02,1.938286999999999927e-01
2.000000000000000042e-02,1.990540000000000087e-01
2.199999999999999872e-02,2.084804000000000102e-01
2.400000000000000050e-02,2.283632999999999913e-01
2.599999999999999881e-02,2.449781000000000042e-01
2.800000000000000058e-02,2.560014999999999930e-01
2.999999999999999889e-02,2.573645999999999989e-01
3.200000000000000067e-02,2.607690999999999759e-01
3.400000000000000244e-02,2.707064000000000137e-01
3.599999999999999728e-02,2.611465000000000036e-01
3.799999999999999906e-02,2.474609000000000114e-01
4.000000000000000083e-02,2.442489999999999939e-01
4.200000000000000261e-02,2.380073000000000050e-01
4.399999999999999745e-02,2.300879000000000119e-01
4.599999999999999922e-02,2.238712999999999953e-01
4.800000000000000100e-02,2.190545999999999882e-01
5.000000000000000278e-02,2.135872000000000048e-01
5.199999999999999761e-02,2.100880999999999998e-01
5.399999999999999939e-02,2.137418000000000096e-01
5.600000000000000117e-02,2.181527000000000049e-01
5.800000000000000294e-02,2.227260000000000073e-01
5.999999999999999778e-02,2.279557999999999862e-01
6.199999999999999956e-02,2.339189000000000129e-01
6.400000000000000133e-02,2.408395999999999870e-01
6.600000000000000311e-02,2.474659999999999915e-01
6.800000000000000488e-02,2.433156999999999959e-01
7.000000000000000666e-02,2.406384000000000023e-01
7.199999999999999456e-02,2.382988000000000051e-01
7.399999999999999634e-02,2.350789000000000073e-01
7.599999999999999811e-02,2.275558000000000025e-01
7.799999999999999989e-02,2.232309000000000099e-01
8.000000000000000167e-02,2.194674000000000069e-01
8.200000000000000344e-02,2.153181000000000123e-01
8.400000000000000522e-02,2.165024000000000115e-01
8.599999999999999312e-02,2.226632000000000056e-01
8.799999999999999489e-02,2.277137999999999940e-01
8.999999999999999667e-02,2.328900000000000137e-01
9.199999999999999845e-02,2.358405000000000085e-01
9.400000000000000022e-02,2.462862000000000107e-01
9.600000000000000200e-02,2.453556000000000070e-01
9.800000000000000377e-02,2.390224999999999989e-01
1.000000000000000056e-01,2.379323000000000132e-01
1.019999999999999934e-01,2.355397999999999936e-01
1.039999999999999952e-01,2.313160999999999967e-01
1.059999999999999970e-01,2.261025000000000118e-01
1.079999999999999988e-01,2.195911000000000113e-01
1.100000000000000006e-01,2.133502999999999927e-01
1.120000000000000023e-01,2.069828999999999974e-01
1.140000000000000041e-01,2.044939000000000062e-01
1.160000000000000059e-01,2.093823999999999963e-01
1.179999999999999938e-01,2.215104999999999991e-01
1.199999999999999956e-01,2.293088000000000071e-01
1.219999999999999973e-01,2.349140999999999868e-01
1.239999999999999991e-01,2.400305000000000077e-01
1.260000000000000009e-01,2.395238000000000089e-01
1.280000000000000027e-01,2.416548000000000029e-01
1.300000000000000044e-01,2.435150000000000092e-01
1.320000000000000062e-01,2.385403000000000107e-01
1.340000000000000080e-01,2.342680000000000040e-01
1.360000000000000098e-01,2.312636999999999887e-01
1.380000000000000115e-01,2.276048999999999989e-01
1.400000000000000133e-01,2.219986999999999933e-01
1.419999999999999873e-01,2.166864000000000012e-01
1.439999999999999891e-01,2.142372999999999916e-01
1.459999999999999909e-01,2.168174999999999963e-01
1.479999999999999927e-01,2.233854000000000117e-01
1.499999999999999944e-01,2.298509999999999998e-01
1.519999999999999962e-01,2.355250999999999872e-01
1.539999999999999980e-01,2.406205999999999900e-01
1.559999999999999998e-01,2.483978000000000019e-01
1.580000000000000016e-01,2.515668999999999822e-01
1.600000000000000033e-01,2.461302999999999963e-01
1.620000000000000051e-01,2.432480999999999949e-01
1.640000000000000069e-01,2.395886000000000127e-01
1.660000000000000087e-01,2.354740999999999918e-01
1.680000000000000104e-01,2.289634000000000114e-01
1.700000000000000122e-01,2.226123000000000129e-01
1.719999999999999862e-01,2.156758000000000008e-01
1.739999999999999880e-01,2.114033999999999913e-01
1.759999999999999898e-01,2.139640999999999904e-01
1.779999999999999916e-01,2.222416000000000114e-01
1.799999999999999933e-01,2.300819000000000059e-01
1.819999999999999951e-01,2.380307000000000117e-01
1.839999999999999969e-01,2.472515000000000129e-01
1.859999999999999987e-01,2.489038000000000084e-01
1.880000000000000004e-01,2.447608000000000006e-01
1.900000000000000022e-01,2.451367999999999880e-01
1.920000000000000040e-01,2.445787000000000100e-01
1.940000000000000058e-01,2.434329000000000076e-01
1.960000000000000075e-01,2.344306999999999919e-01
1.980000000000000093e-01,2.283827999999999969e-01
2.000000000000000111e-01,2.235379000000000116e-01
2.020000000000000129e-01,2.180663999999999936e-01
2.039999999999999869e-01,2.142458999999999891e-01
2.059999999999999887e-01,2.152669999999999861e-01
2.079999999999999905e-01,2.220816999999999930e-01
2.099999999999999922e-01,2.306427000000000060e-01
2.119999999999999940e-01,2.349461999999999939e-01
2.139999999999999958e-01,2.427472999999999992e-01
2.159999999999999976e-01,2.450826000000000116e-01
2.179999999999999993e-01,2.519447000000000214e-01
2.200000000000000011e-01,2.493530999999999942e-01
2.220000000000000029e-01,2.450081000000000064e-01
2.240000000000000047e-01,2.417622000000000104e-01
2.260000000000000064e-01,2.355806000000000011e-01
2.280000000000000082e-01,2.301547999999999927e-01
2.300000000000000100e-01,2.244938999999999962e-01
2.320000000000000118e-01,2.186209000000000069e-01
2.340000000000000135e-01,2.157920000000000116e-01
2.359999999999999876e-01,2.170481999999999967e-01
2.379999999999999893e-01,2.240086000000000022e-01
2.399999999999999911e-01,2.306636999999999993e-01
2.419999999999999929e-01,2.380149000000000015e-01
2.439999999999999947e-01,2.465897999999999979e-01
2.459999999999999964e-01,2.479953000000000018e-01
2.479999999999999982e-01,2.442148000000000096e-01
2.500000000000000000e-01,2.447103999999999946e-01
2.520000000000000018e-01,2.441942000000000002e-01
2.540000000000000036e-01,2.423958999999999975e-01
2.560000000000000053e-01,2.341051000000000104e-01
2.580000000000000071e-01,2.277773999999999910e-01
2.600000000000000089e-01,2.239208000000000032e-01
2.620000000000000107e-01,2.193770999999999916e-01
2.640000000000000124e-01,2.160931000000000102e-01
2.660000000000000142e-01,2.176215999999999984e-01
2.680000000000000160e-01,2.236035000000000106e-01
2.700000000000000178e-01,2.304820999999999953e-01
2.720000000000000195e-01,2.358299000000000090e-01
2.740000000000000213e-01,2.406854999999999967e-01
2.760000000000000231e-01,2.464573999999999931e-01
2.780000000000000249e-01,2.509757000000000238e-01
2.800000000000000266e-01,2.454937000000000091e-01
2.819999999999999729e-01,2.420096999999999943e-01
2.839999999999999747e-01,2.384168000000000120e-01
2.859999999999999765e-01,2.348110999999999948e-01
2.879999999999999782e-01,2.288976000000000066e-01
2.899999999999999800e-01,2.231618999999999964e-01
2.919999999999999818e-01,2.177246999999999932e-01
2.939999999999999836e-01,2.145502999999999993e-01
2.959999999999999853e-01,2.170790999999999971e-01
2.979999999999999871e-01,2.261718000000000062e-01
2.999999999999999889e-01,2.334648000000000001e-01
3.019999999999999907e-01,2.398358999999999908e-01
3.039999999999999925e-01,2.443402000000000074e-01
3.059999999999999942e-01,2.446365000000000067e-01
3.079999999999999960e-01,2.447203000000000017e-01
3.099999999999999978e-01,2.465719000000000105e-01
3.119999999999999996e-01,2.434208999999999956e-01
3.140000000000000013e-01,2.378248000000000029e-01
3.160000000000000031e-01,2.354113999999999929e-01
3.180000000000000049e-01,2.316417000000000059e-01
3.200000000000000067e-01,2.273941999999999908e-01
3.220000000000000084e-01,2.228583000000000092e-01
3.240000000000000102e-01,2.216194999999999971e-01
3.260000000000000120e-01,2.249511999999999901e-01
3.280000000000000138e-01,2.297103000000000061e-01
3.300000000000000155e-01,2.342017999999999878e-01
3.320000000000000173e-01,2.437861000000000056e-01
3.340000000000000191e-01,2.461363000000000023e-01
3.360000000000000209e-01,2.411516999999999966e-01
3.380000000000000226e-01,2.415530999999999928e-01
3.400000000000000244e-01,2.405334000000000083e-01
3.420000000000000262e-01,2.397677000000000003e-01
3.439999999999999725e-01,2.367453999999999947e-01
3.459999999999999742e-01,2.278618000000000032e-01
3.479999999999999760e-01,2.214393000000000056e-01
3.499999999999999778e-01,2.252513999999999905e-01
3.519999999999999796e-01,2.316410999999999887e-01
3.539999999999999813e-01,2.332780999999999882e-01
3.559999999999999831e-01,2.324143999999999932e-01
3.579999999999999849e-01,2.373897000000000090e-01
3.599999999999999867e-01,2.423061999999999994e-01
3.619999999999999885e-01,2.463655999999999902e-01
3.639999999999999902e-01,2.454278000000000015e-01
3.659999999999999920e-01,2.416857000000000033e-01
3.679999999999999938e-01,2.438511999999999902e-01
3.699999999999999956e-01,2.396240000000000037e-01
3.719999999999999973e-01,2.372238999999999876e-01
3.739999999999999991e-01,2.379542000000000046e-01
3.760000000000000009e-01,2.282111000000000001e-01
3.780000000000000027e-01,3.785005999999999787e-02
3.800000000000000044e-01,3.803349999999999786e-02
3.820000000000000062e-01,3.915819000000000244e-02
3.840000000000000080e-01,3.980457999999999913e-02
3.860000000000000098e-01,3.978356000000000253e-02
3.880000000000000115e-01,3.810865000000000086e-02
3.900000000000000133e-01,3.600655999999999995e-02
3.920000000000000151e-01,3.431523000000000212e-02
3.940000000000000169e-01,3.316394999999999760e-02
3.960000000000000187e-01,3.232341999999999854e-02
3.980000000000000204e-01,3.167477999999999960e-02
4.000000000000000222e-01,3.115636000000000100e-02
4.020000000000000240e-01,3.076728000000000102e-02
4.040000000000000258e-01,3.042782000000000125e-02
4.060000000000000275e-01,3.005814999999999876e-02
4.079999999999999738e-01,2.979249999999999954e-02
4.099999999999999756e-01,2.958076000000000108e-02
4.119999999999999774e-01,2.932488999999999929e-02
